Reference, Value, Footprint, Datasheet, Manufacturer, Part #, VEND, VEND#, PageName
"TP1","5V","TestPoint:TestPoint_Pad_D4.0mm","~","DNP","DNP","DNP","DNP",""
"U3","Molex_48_pin","rusefi_lib:Molex_48","","MOLEX","500762-0481","DIGI","WM4430-ND",""
"D15","NSR0530HT","Diode_SMD:D_SOD-323","~","ON-SEMI","NSR0530HT","DIGI","NSR0530HT1GOSCT-ND",""
"D20","NSR0530HT","Diode_SMD:D_SOD-323","~","ON-SEMI","NSR0530HT","DIGI","NSR0530HT1GOSCT-ND",""
"TP2","GND","TestPoint:TestPoint_Pad_D4.0mm","~","DNP","DNP","DNP","DNP",""
"D22","LED-GRN","rusEFI_Ola:LED-0603-rusEFI","~","Lite-On ","LTST-C191KGKT","DIGI","160-1446-1-ND",""
"TP4","TP","TestPoint:TestPoint_Pad_D2.0mm","~","DNP","DNP","DNP","DNP",""
"TP3","TP","TestPoint:TestPoint_Pad_D2.0mm","~","DNP","DNP","DNP","DNP",""
"D21","LED-RED","rusEFI_Ola:LED-0603-rusEFI","~","Lite-On ","LTST-S270KRKT","DIGI","160-1479-1-ND",""
"D23","LED-BLUE","rusEFI_Ola:LED-0603-rusEFI","~","Lite-On ","LTST-C193TBKT-5A","DIGI","160-1827-1-ND",""
"D27","LED-ORG","rusEFI_Ola:LED-0603-rusEFI","~","Lite-On ","LTST-C190KFKT","DIGI","160-1434-1-ND",""
"RN1","1k","Resistor_SMD:R_Array_Convex_4x0603","~","Bourns","CAT16-1001F4LF","DIGI","CAT16-1001F4LFCT-ND",""
"LOGO1","DNP","rusEFI:LogoMRE","~","DNP","DNP","DNP","DNP",""
"LOGO2","DNP","rusEFI:LOGO","~","DNP","DNP","DNP","DNP",""
"PC10","PC10","Connector_Pin:Pin_D0.7mm_L6.5mm_W1.8mm_FlatFork","~","DNP","DNP","DNP","DNP",""
"PD0","PD0","Connector_Pin:Pin_D0.7mm_L6.5mm_W1.8mm_FlatFork","~","DNP","DNP","DNP","DNP",""
"PC12","PC12","Connector_Pin:Pin_D0.7mm_L6.5mm_W1.8mm_FlatFork","~","DNP","DNP","DNP","DNP",""
"PC11","PC11","Connector_Pin:Pin_D0.7mm_L6.5mm_W1.8mm_FlatFork","~","DNP","DNP","DNP","DNP",""
"PD14","PD14","Connector_Pin:Pin_D0.7mm_L6.5mm_W1.8mm_FlatFork","~","DNP","DNP","DNP","DNP",""
"OUT15","OUT15","Connector_Pin:Pin_D0.7mm_L6.5mm_W1.8mm_FlatFork","~","DNP","DNP","DNP","DNP",""
"OUT16","OUT16","Connector_Pin:Pin_D0.7mm_L6.5mm_W1.8mm_FlatFork","~","DNP","DNP","DNP","DNP",""
"OUT17","OUT17","Connector_Pin:Pin_D0.7mm_L6.5mm_W1.8mm_FlatFork","~","DNP","DNP","DNP","DNP",""
"OUT18","OUT18","Connector_Pin:Pin_D0.7mm_L6.5mm_W1.8mm_FlatFork","~","DNP","DNP","DNP","DNP",""
"IGN3","IGN3","Connector_Pin:Pin_D0.7mm_L6.5mm_W1.8mm_FlatFork","~","DNP","DNP","DNP","DNP",""
"IGN4","IGN4","Connector_Pin:Pin_D0.7mm_L6.5mm_W1.8mm_FlatFork","~","DNP","DNP","DNP","DNP",""
"D28","LED-BLUE","rusEFI_Ola:LED-0603-rusEFI","~","Lite-On ","LTST-C193TBKT-5A","DIGI","160-1827-1-ND",""
"R29","1k","Resistor_SMD:R_0603_1608Metric","~","StackPole","RMCF0603JJ1K00","DIGI","RMCF0603JJ1K00CT-ND",""
"R49","1k","Resistor_SMD:R_0603_1608Metric","~","StackPole","RMCF0603JJ1K00","DIGI","RMCF0603JJ1K00CT-ND",""
"R36","1k","Resistor_SMD:R_0603_1608Metric","~","StackPole","RMCF0603JJ1K00","DIGI","RMCF0603JJ1K00CT-ND",""
"D31","LED-RED","rusEFI_Ola:LED-0603-rusEFI","~","Lite-On ","LTST-S270KRKT","DIGI","160-1479-1-ND",""
"D33","LED-RED","rusEFI_Ola:LED-0603-rusEFI","~","Lite-On ","LTST-S270KRKT","DIGI","160-1479-1-ND",""
"R51","1k","Resistor_SMD:R_0603_1608Metric","~","StackPole","RMCF0603JJ1K00","DIGI","RMCF0603JJ1K00CT-ND",""
"D35","LED-RED","rusEFI_Ola:LED-0603-rusEFI","~","Lite-On ","LTST-S270KRKT","DIGI","160-1479-1-ND",""
"D32","NSR0530HT","Diode_SMD:D_SOD-323","~","ON-SEMI","NSR0530HT","DIGI","NSR0530HT1GOSCT-ND",""
"D34","NSR0530HT","Diode_SMD:D_SOD-323","~","ON-SEMI","NSR0530HT","DIGI","NSR0530HT1GOSCT-ND",""
"D30","NSR0530HT","Diode_SMD:D_SOD-323","~","ON-SEMI","NSR0530HT","DIGI","NSR0530HT1GOSCT-ND",""
"TP5","5V","TestPoint:TestPoint_Pad_D4.0mm","~","DNP","DNP","DNP","DNP",""
"TP6","GND","TestPoint:TestPoint_Pad_D4.0mm","~","DNP","DNP","DNP","DNP",""
"U2","TLE8888QK","Package_QFP:LQFP-100_14x14mm_P0.5mm_THERMAL","","Infineon ","TLE88882QKXUMA1","DIGI","TLE88882QKXUMA1-ND",""
"C3","4.7nF","Capacitor_SMD:C_0603_1608Metric","~","TDK","CGA3E2X7R1H472K080AA","DIGI","445-5661-1-ND",""
"D1","MBRS3200T3G","Diode_SMD:D_SMB","~","ON-SEMI","MBRS3200T3G","DIGI","MBRS3200T3GOSCT-ND",""
"Q1","IPD30N06S2L-23","Package_TO_SOT_SMD:TO-252-2","http://www.fairchildsemi.com/ds/BU/BUZ11.pdf","INFINEON","IPD30N06S2L23AT3","DIGI","IPD30N06S2L23ATMA3CT-ND",""
"C10","100nF","Capacitor_SMD:C_0603_1608Metric","~","KEMET","C0603C104J5RACTU","DIGI","399-7844-1-ND",""
"C2","100UF 50V","Capacitor_SMD:CP_Elec_8x10.5","~","NICHICON","UCD1H101MNL1GS","DIGI","493-6388-1-ND",""
"C1","100nF","Capacitor_SMD:C_0603_1608Metric","~","KEMET","C0603C104J5RACTU","DIGI","399-7844-1-ND",""
"C11","4.7nF","Capacitor_SMD:C_0603_1608Metric","~","TDK","CGA3E2X7R1H472K080AA","DIGI","445-5661-1-ND",""
"C4","470nF","Capacitor_SMD:C_0603_1608Metric","~","TDK","CGA3E3X7R1H474K080AE","DIGI","445-172475-1-ND",""
"C6","100nF","Capacitor_SMD:C_0603_1608Metric","~","KEMET","C0603C104J5RACTU","DIGI","399-7844-1-ND",""
"C5","470nF","Capacitor_SMD:C_0603_1608Metric","~","TDK","CGA3E3X7R1H474K080AE","DIGI","445-172475-1-ND",""
"C7","10uF","Capacitor_SMD:C_0603_1608Metric","~","TDK","C1608X5R1E106M080AC","DIGI","445-9015-1-ND",""
"C13","100nF","Capacitor_SMD:C_0603_1608Metric","~","KEMET","C0603C104J5RACTU","DIGI","399-7844-1-ND",""
"C12","1nF","Capacitor_SMD:C_0603_1608Metric","~","MURATA","GRM1885C1H102FA01D","DIGI","490-6377-1-ND",""
"R9","5.11k","Resistor_SMD:R_0603_1608Metric","~","StackPole","RMCF0603FT5K11","DIGI","RMCF0603FT5K11CT-ND",""
"R12","10k","Resistor_SMD:R_0603_1608Metric","TBD","StackPole","RMCF0603JT10K0","DIGI","RMCF0603JT10K0CT-ND",""
"R13","10k","Resistor_SMD:R_0603_1608Metric","TBD","StackPole","RMCF0603JT10K0","DIGI","RMCF0603JT10K0CT-ND",""
"R17","DNP","Resistor_SMD:R_0603_1608Metric","~","DNP","DNP","DIGI","DNP",""
"D2","PESD1CAN-UX","Package_TO_SOT_SMD:SOT-323_SC-70_Handsoldering","https://assets.nexperia.com/documents/data-sheet/PESD1CAN-U.pdf","Nexperia ","PESD1CANUX","DIGI","1727-1306-1-ND",""
"R3","4.7k","Resistor_SMD:R_0603_1608Metric","~","StackPole","RMCF0603JT4K70","DIGI","RMCF0603JT4K70CT-ND",""
"R4","4.7k","Resistor_SMD:R_0603_1608Metric","~","StackPole","RMCF0603JT4K70","DIGI","RMCF0603JT4K70CT-ND",""
"R2","4.7k","Resistor_SMD:R_0603_1608Metric","~","StackPole","RMCF0603JT4K70","DIGI","RMCF0603JT4K70CT-ND",""
"C14","100nF","Capacitor_SMD:C_0603_1608Metric","~","KEMET","C0603C104J5RACTU","DIGI","399-7844-1-ND",""
"R21","2.7k","Resistor_SMD:R_0603_1608Metric","~","StackPole","RMCF0603FT2K70","DIGI","RMCF0603FT2K70CT-ND",""
"C16","100nF","Capacitor_SMD:C_0603_1608Metric","~","KEMET","C0603C104J5RACTU","DIGI","399-7844-1-ND",""
"R20","2.7k","Resistor_SMD:R_0603_1608Metric","~","StackPole","RMCF0603FT2K70","DIGI","RMCF0603FT2K70CT-ND",""
"R6","0R","Resistor_SMD:R_0603_1608Metric","~","StackPole","RMCF0603ZT0R00","DIGI","RMCF0603ZT0R00CT-ND",""
"R5","0R","Resistor_SMD:R_0603_1608Metric","~","StackPole","RMCF0603ZT0R00","DIGI","RMCF0603ZT0R00CT-ND",""
"C9","10uF","Capacitor_SMD:C_0603_1608Metric","~","TDK","C1608X5R1E106M080AC","DIGI","445-9015-1-ND",""
"C8","10uF","Capacitor_SMD:C_0603_1608Metric","~","TDK","C1608X5R1E106M080AC","DIGI","445-9015-1-ND",""
"R7","0R","Resistor_SMD:R_0603_1608Metric","~","StackPole","RMCF0603ZT0R00","DIGI","RMCF0603ZT0R00CT-ND",""
"R8","4.7k","Resistor_SMD:R_0603_1608Metric","~","StackPole","RMCF0603JT4K70","DIGI","RMCF0603JT4K70CT-ND",""
"R10","4.7k","Resistor_SMD:R_0603_1608Metric","~","StackPole","RMCF0603JT4K70","DIGI","RMCF0603JT4K70CT-ND",""
"R22","120","Resistor_SMD:R_0603_1608Metric","~","StackPole","RMCF0603JG120R","DIGI","RMCF0603JG120RCT-ND",""
"R19","DNP","Resistor_SMD:R_0603_1608Metric","~","DNP","DNP","DIGI","DNP",""
"R18","DNP","Resistor_SMD:R_0603_1608Metric","~","DNP","DNP","DIGI","DNP",""
"C35","1nF","Capacitor_SMD:C_0603_1608Metric","~","MURATA","GRM1885C1H102FA01D","DIGI","490-6377-1-ND",""
"R15","15k","Resistor_SMD:R_0603_1608Metric","~","StackPole","RMCF0603JG15K0","DIGI","RMCF0603JG15K0CT-ND",""
"FID3","Fiducial","Fiducial:Fiducial_0.5mm_Mask1mm","DNP","DNP","DNP","DNP","DNP",""
"FID4","Fiducial","Fiducial:Fiducial_0.5mm_Mask1mm","DNP","DNP","DNP","DNP","DNP",""
"R125","100","Resistor_SMD:R_0603_1608Metric","","StackPole","RMCF0603FT100R","DIGI","RMCF0603FT100RCT-ND",""
"R124","100","Resistor_SMD:R_0603_1608Metric","","StackPole","RMCF0603FT100R","DIGI","RMCF0603FT100RCT-ND",""
"U33","TC4427","modules:DFN-8-1EP_6x5mm_P1.27mm_EP4x2mm","","MicroChip","TC4427EOA","DIGI","TC4427EOA-ND",""
"R116","1k","Resistor_SMD:R_0603_1608Metric","","StackPole","RMCF0603JJ1K00","DIGI","RMCF0603JJ1K00CT-ND",""
"R108","20R","Resistor_SMD:R_0603_1608Metric","","StackPole","RMCF0603JT20R0","DIGI","RMCF0603JT20R0CT-ND",""
"R117","1k","Resistor_SMD:R_0603_1608Metric","","StackPole","RMCF0603JJ1K00","DIGI","RMCF0603JJ1K00CT-ND",""
"R109","20R","Resistor_SMD:R_0603_1608Metric","","StackPole","RMCF0603JT20R0","DIGI","RMCF0603JT20R0CT-ND",""
"R123","100","Resistor_SMD:R_0603_1608Metric","","StackPole","RMCF0603FT100R","DIGI","RMCF0603FT100RCT-ND",""
"R122","100","Resistor_SMD:R_0603_1608Metric","","StackPole","RMCF0603FT100R","DIGI","RMCF0603FT100RCT-ND",""
"U32","TC4427","modules:DFN-8-1EP_6x5mm_P1.27mm_EP4x2mm","","MicroChip","TC4427EOA","DIGI","TC4427EOA-ND",""
"R114","1k","Resistor_SMD:R_0603_1608Metric","","StackPole","RMCF0603JJ1K00","DIGI","RMCF0603JJ1K00CT-ND",""
"R106","20R","Resistor_SMD:R_0603_1608Metric","","StackPole","RMCF0603JT20R0","DIGI","RMCF0603JT20R0CT-ND",""
"R115","1k","Resistor_SMD:R_0603_1608Metric","","StackPole","RMCF0603JJ1K00","DIGI","RMCF0603JJ1K00CT-ND",""
"R107","20R","Resistor_SMD:R_0603_1608Metric","","StackPole","RMCF0603JT20R0","DIGI","RMCF0603JT20R0CT-ND",""
"C78","10nF","Capacitor_SMD:C_0603_1608Metric","","KEMET","C0603C103K1RACTU","DIGI","399-3189-1-ND",""
"R121","100","Resistor_SMD:R_0603_1608Metric","","StackPole","RMCF0603FT100R","DIGI","RMCF0603FT100RCT-ND",""
"R120","100","Resistor_SMD:R_0603_1608Metric","","StackPole","RMCF0603FT100R","DIGI","RMCF0603FT100RCT-ND",""
"U31","TC4427","modules:DFN-8-1EP_6x5mm_P1.27mm_EP4x2mm","","MicroChip","TC4427EOA","DIGI","TC4427EOA-ND",""
"R112","1k","Resistor_SMD:R_0603_1608Metric","","StackPole","RMCF0603JJ1K00","DIGI","RMCF0603JJ1K00CT-ND",""
"R104","20R","Resistor_SMD:R_0603_1608Metric","","StackPole","RMCF0603JT20R0","DIGI","RMCF0603JT20R0CT-ND",""
"R113","1k","Resistor_SMD:R_0603_1608Metric","","StackPole","RMCF0603JJ1K00","DIGI","RMCF0603JJ1K00CT-ND",""
"R105","20R","Resistor_SMD:R_0603_1608Metric","","StackPole","RMCF0603JT20R0","DIGI","RMCF0603JT20R0CT-ND",""
"C17","10nF","Capacitor_SMD:C_0603_1608Metric","","KEMET","C0603C103K1RACTU","DIGI","399-3189-1-ND",""
"R59","0R","Resistor_SMD:R_0603_1608Metric","","StackPole","RMCF0603ZT0R00","DIGI","RMCF0603ZT0R00CT-ND",""
"R57","DNP","Resistor_SMD:R_0603_1608Metric","","DNP","DNP","DIGI","DNP",""
"C15","100nF","Capacitor_SMD:C_0603_1608Metric","~","KEMET","C0603C104J5RACTU","DIGI","399-7844-1-ND",""
"R1","10k","Resistor_SMD:R_0603_1608Metric","TBD","StackPole","RMCF0603JT10K0","DIGI","RMCF0603JT10K0CT-ND",""
"C18","100nF","Capacitor_SMD:C_0603_1608Metric","~","KEMET","C0603C104J5RACTU","DIGI","399-7844-1-ND",""
"R42","4.7k","Resistor_SMD:R_0603_1608Metric","~","StackPole","RMCF0603JT4K70","DIGI","RMCF0603JT4K70CT-ND",""
"C19","10nF","Capacitor_SMD:C_0603_1608Metric","~","KEMET","C0603C103K1RACTU","DIGI","399-3189-1-ND",""
"U4","TLE9201SG","Package_SO:Infineon_PG-DSO-12-11","","Infineon ","TLE9201SG","DIGI","TLE9201SGAUMA1CT-ND",""
"R16","10k","Resistor_SMD:R_0603_1608Metric","TBD","StackPole","RMCF0603JT10K0","DIGI","RMCF0603JT10K0CT-ND",""
"C79","10nF","Capacitor_SMD:C_0603_1608Metric","","KEMET","C0603C103K1RACTU","DIGI","399-3189-1-ND",""
"U35","MCP6004","Package_SO:TSSOP-14_4.4x5mm_P0.65mm","http://ww1.microchip.com/downloads/en/DeviceDoc/21733j.pdf","MicroChip","MCP6004T-I/ST","DIGI","MCP6004T-I/STCT-ND",""
"R131","500k","Resistor_SMD:R_0603_1608Metric","","StackPole","RMCF0603FT470K","DIGI","RMCF0603FT470KCT-ND",""
"C80","10nF","Capacitor_SMD:C_0603_1608Metric","","KEMET","C0603C103K1RACTU","DIGI","399-3189-1-ND",""
"U36","MCP6004","Package_SO:TSSOP-14_4.4x5mm_P0.65mm","http://ww1.microchip.com/downloads/en/DeviceDoc/21733j.pdf","MicroChip","MCP6004T-I/ST","DIGI","MCP6004T-I/STCT-ND",""
"U46","MCP6004","Package_SO:TSSOP-14_4.4x5mm_P0.65mm","http://ww1.microchip.com/downloads/en/DeviceDoc/21733j.pdf","MicroChip","MCP6004T-I/ST","DIGI","MCP6004T-I/STCT-ND",""
"R139","39k","Resistor_SMD:R_0603_1608Metric","","Yageo","RC0603FR-0739KL","DIGI","311-39.0KHRCT-ND",""
"R141","10k","Resistor_SMD:R_0603_1608Metric","TBD","StackPole","RMCF0603JT10K0","DIGI","RMCF0603JT10K0CT-ND",""
"C82","10nF","Capacitor_SMD:C_0603_1608Metric","","KEMET","C0603C103K1RACTU","DIGI","399-3189-1-ND",""
"D10","BAS70-04","Package_TO_SOT_SMD:SOT-23","","ON-SEMI","SBAS70-04LT1G","DIGI","SBAS70-04LT1GOSCT-ND",""
"D8","BAS70-04","Package_TO_SOT_SMD:SOT-23","","ON-SEMI","SBAS70-04LT1G","DIGI","SBAS70-04LT1GOSCT-ND",""
"D6","BAS70-04","Package_TO_SOT_SMD:SOT-23","","ON-SEMI","SBAS70-04LT1G","DIGI","SBAS70-04LT1GOSCT-ND",""
"D4","BAS70-04","Package_TO_SOT_SMD:SOT-23","","ON-SEMI","SBAS70-04LT1G","DIGI","SBAS70-04LT1GOSCT-ND",""
"D9","BAS70-04","Package_TO_SOT_SMD:SOT-23","","ON-SEMI","SBAS70-04LT1G","DIGI","SBAS70-04LT1GOSCT-ND",""
"D7","BAS70-04","Package_TO_SOT_SMD:SOT-23","","ON-SEMI","SBAS70-04LT1G","DIGI","SBAS70-04LT1GOSCT-ND",""
"D5","BAS70-04","Package_TO_SOT_SMD:SOT-23","","ON-SEMI","SBAS70-04LT1G","DIGI","SBAS70-04LT1GOSCT-ND",""
"D3","BAS70-04","Package_TO_SOT_SMD:SOT-23","","ON-SEMI","SBAS70-04LT1G","DIGI","SBAS70-04LT1GOSCT-ND",""
"D12","BAS70-04","Package_TO_SOT_SMD:SOT-23","","ON-SEMI","SBAS70-04LT1G","DIGI","SBAS70-04LT1GOSCT-ND",""
"R14","2.7k","Resistor_SMD:R_0603_1608Metric","","StackPole","RMCF0603FT2K70","DIGI","RMCF0603FT2K70CT-ND",""
"R23","2.7k","Resistor_SMD:R_0603_1608Metric","","StackPole","RMCF0603FT2K70","DIGI","RMCF0603FT2K70CT-ND",""
"R25","2.7k","Resistor_SMD:R_0603_1608Metric","","StackPole","RMCF0603FT2K70","DIGI","RMCF0603FT2K70CT-ND",""
"R27","2.7k","Resistor_SMD:R_0603_1608Metric","","StackPole","RMCF0603FT2K70","DIGI","RMCF0603FT2K70CT-ND",""
"R11","DNP","Resistor_SMD:R_0603_1608Metric","","DNP","DNP","DIGI","DNP",""
"R41","500k","Resistor_SMD:R_0603_1608Metric","","StackPole","RMCF0603FT470K","DIGI","RMCF0603FT470KCT-ND",""
"R38","500k","Resistor_SMD:R_0603_1608Metric","","StackPole","RMCF0603FT470K","DIGI","RMCF0603FT470KCT-ND",""
"R35","500k","Resistor_SMD:R_0603_1608Metric","","StackPole","RMCF0603FT470K","DIGI","RMCF0603FT470KCT-ND",""
"R32","500k","Resistor_SMD:R_0603_1608Metric","","StackPole","RMCF0603FT470K","DIGI","RMCF0603FT470KCT-ND",""
"R39","500k","Resistor_SMD:R_0603_1608Metric","","StackPole","RMCF0603FT470K","DIGI","RMCF0603FT470KCT-ND",""
"R34","500k","Resistor_SMD:R_0603_1608Metric","","StackPole","RMCF0603FT470K","DIGI","RMCF0603FT470KCT-ND",""
"R31","500k","Resistor_SMD:R_0603_1608Metric","","StackPole","RMCF0603FT470K","DIGI","RMCF0603FT470KCT-ND",""
"R24","500k","Resistor_SMD:R_0603_1608Metric","","StackPole","RMCF0603FT470K","DIGI","RMCF0603FT470KCT-ND",""
"R37","500k","Resistor_SMD:R_0603_1608Metric","","StackPole","RMCF0603FT470K","DIGI","RMCF0603FT470KCT-ND",""
"R40","DNP","Resistor_SMD:R_0603_1608Metric","","DNP","DNP","DIGI","DNP",""
"CN17","10nF","Resistor_SMD:R_Array_Convex_4x0603","~","KEMET","CA064X103K2RACAUTO","DIGI","399-12382-1-ND",""
"CN6","10nF","Resistor_SMD:R_Array_Convex_4x0603","~","KEMET","CA064X103K2RACAUTO","DIGI","399-12382-1-ND",""
"RN12","1.5k","Resistor_SMD:R_Array_Convex_4x0603","~","Bourns","CAY16-1501F4LF","DIGI","CAY16-1501F4LFCT-ND",""
"RN9","1k","Resistor_SMD:R_Array_Convex_4x0603","~","Bourns","CAT16-1001F4LF","DIGI","CAT16-1001F4LFCT-ND",""
"RN8","1k","Resistor_SMD:R_Array_Convex_4x0603","~","Bourns","CAT16-1001F4LF","DIGI","CAT16-1001F4LFCT-ND",""
"RN11","1.5k","Resistor_SMD:R_Array_Convex_4x0603","~","Bourns","CAY16-1501F4LF","DIGI","CAY16-1501F4LFCT-ND",""
"RN15","1k","Resistor_SMD:R_Array_Convex_4x0603","~","Bourns","CAT16-1001F4LF","DIGI","CAT16-1001F4LFCT-ND",""
"RN16","1.5k","Resistor_SMD:R_Array_Convex_4x0603","~","Bourns","CAY16-1501F4LF","DIGI","CAY16-1501F4LFCT-ND",""
"RN3","10k","Resistor_SMD:R_Array_Convex_4x0603","~","Yageo","YC164-JR-0710KL","DIGI","YC164J-10KCT-ND",""
"RN13","10k","Resistor_SMD:R_Array_Convex_4x0603","~","Yageo","YC164-JR-0710KL","DIGI","YC164J-10KCT-ND",""
"RN4","10k","Resistor_SMD:R_Array_Convex_4x0603","~","Yageo","YC164-JR-0710KL","DIGI","YC164J-10KCT-ND",""
"D11","BAS70-04","Package_TO_SOT_SMD:SOT-23","","ON-SEMI","SBAS70-04LT1G","DIGI","SBAS70-04LT1GOSCT-ND",""
"C40","10nF","Capacitor_SMD:C_0603_1608Metric","","KEMET","C0603C103K1RACTU","DIGI","399-3189-1-ND",""
"U8","MCP6004","Package_SO:TSSOP-14_4.4x5mm_P0.65mm","http://ww1.microchip.com/downloads/en/DeviceDoc/21733j.pdf","MicroChip","MCP6004T-I/ST","DIGI","MCP6004T-I/STCT-ND",""
"D26","BAS70-04","Package_TO_SOT_SMD:SOT-23","","ON-SEMI","SBAS70-04LT1G","DIGI","SBAS70-04LT1GOSCT-ND",""
"D25","BAS70-04","Package_TO_SOT_SMD:SOT-23","","ON-SEMI","SBAS70-04LT1G","DIGI","SBAS70-04LT1GOSCT-ND",""
"D24","BAS70-04","Package_TO_SOT_SMD:SOT-23","","ON-SEMI","SBAS70-04LT1G","DIGI","SBAS70-04LT1GOSCT-ND",""
"D18","BAS70-04","Package_TO_SOT_SMD:SOT-23","","ON-SEMI","SBAS70-04LT1G","DIGI","SBAS70-04LT1GOSCT-ND",""
"R56","500k","Resistor_SMD:R_0603_1608Metric","","StackPole","RMCF0603FT470K","DIGI","RMCF0603FT470KCT-ND",""
"R54","500k","Resistor_SMD:R_0603_1608Metric","","StackPole","RMCF0603FT470K","DIGI","RMCF0603FT470KCT-ND",""
"R52","500k","Resistor_SMD:R_0603_1608Metric","","StackPole","RMCF0603FT470K","DIGI","RMCF0603FT470KCT-ND",""
"R58","500k","Resistor_SMD:R_0603_1608Metric","","StackPole","RMCF0603FT470K","DIGI","RMCF0603FT470KCT-ND",""
"CN5","10nF","Resistor_SMD:R_Array_Convex_4x0603","~","KEMET","CA064X103K2RACAUTO","DIGI","399-12382-1-ND",""
"RN7","1k","Resistor_SMD:R_Array_Convex_4x0603","~","Bourns","CAT16-1001F4LF","DIGI","CAT16-1001F4LFCT-ND",""
"RN10","1.5k","Resistor_SMD:R_Array_Convex_4x0603","~","Bourns","CAY16-1501F4LF","DIGI","CAY16-1501F4LFCT-ND",""
"RN2","10k","Resistor_SMD:R_Array_Convex_4x0603","~","Yageo","YC164-JR-0710KL","DIGI","YC164J-10KCT-ND",""
"R28","2.2k","Resistor_SMD:R_0603_1608Metric","","StackPole","RMCF0603FT2K20","DIGI","RMCF0603FT2K20CT-ND",""
"R30","33k","Resistor_SMD:R_0603_1608Metric","","StackPole","RMCF0603JT33K0","DIGI","RMCF0603JT33K0CT-ND",""
"C41","1nF","Capacitor_SMD:C_0603_1608Metric","","MURATA","GRM1885C1H102FA01D","DIGI","490-6377-1-ND",""
"D13","BAS70-04","Package_TO_SOT_SMD:SOT-23","","ON-SEMI","SBAS70-04LT1G","DIGI","SBAS70-04LT1GOSCT-ND",""
"FID5","Fiducial","Fiducial:Fiducial_0.5mm_Mask1mm","DNP","DNP","DNP","DNP","DNP",""
"FID6","Fiducial","Fiducial:Fiducial_0.5mm_Mask1mm","DNP","DNP","DNP","DNP","DNP",""
"CN14","10nF","Resistor_SMD:R_Array_Convex_4x0603","~","KEMET","CA064X103K2RACAUTO","DIGI","399-12382-1-ND",""
"D29","LED-BLUE","rusEFI_Ola:LED-0603-rusEFI","","Lite-On ","LTST-C193TBKT-5A","DIGI","160-1827-1-ND",""
"C39","15uF","Capacitor_SMD:C_1206_3216Metric","","AVX","TAJA156M010RNJ","DIGI","478-1661-1-ND","stm32f407_board"
"D17","DIODESCH","Diode_SMD:D_0603_1608Metric","","ST","BAT60JFILM","DIGI","497-3707-1-ND","stm32f407_board"
"U5","LM2937","Package_TO_SOT_SMD:SOT-223","","TI","LM2937IMP-3.3/NOPB","DIGI","LM2937IMP-3.3/NOPBCT-ND","stm32f407_board"
"R48","1k","Resistor_SMD:R_0603_1608Metric","","StackPole","RMCF0603JJ1K00","DIGI","RMCF0603JJ1K00CT-ND","stm32f407_board"
"D14","LED-GREEN","Capacitor_SMD:C_0603_1608Metric_Pad1.05x0.95mm_HandSolder","","DiaLight","5990281007F","DIGI","350-4365-1-ND","stm32f407_board"
"D19","LED-RED","rusEFI_Ola:LED-0603-rusEFI","","Lite-On ","LTST-S270KRKT","DIGI","160-1479-1-ND",""
"C38","100nF","Capacitor_SMD:C_0603_1608Metric","","KEMET","C0603C104J5RACTU","DIGI","399-7844-1-ND","stm32f407_board"
"D16","ESDA6V1BC6","Package_TO_SOT_SMD:SOT-23-6","http://www.st.com/content/ccc/resource/technical/document/datasheet/21/07/21/e3/a8/df/42/a2/CD00001906.pdf/files/CD00001906.pdf/jcr:content/translations/en.CD00001906.pdf","ST","ESDA6V1BC6","DIGI","497-6635-1-ND",""
"C25","2.2uF","Capacitor_SMD:C_0603_1608Metric","","MURATA","GRM188R6YA225KA12D","DIGI","490-7204-1-ND","stm32f407_board"
"C26","2.2uF","Capacitor_SMD:C_0603_1608Metric","","MURATA","GRM188R6YA225KA12D","DIGI","490-7204-1-ND","stm32f407_board"
"C27","1uF","Capacitor_SMD:C_0603_1608Metric","","Taiyo Yuden","UMK107BJ105KA-T","DIGI","587-2400-1-ND",""
"C29","10nF","Capacitor_SMD:C_0603_1608Metric","","KEMET","C0603C103K1RACTU","DIGI","399-3189-1-ND",""
"FB1","FILTER","Resistor_SMD:R_0603_1608Metric_Pad1.05x0.95mm_HandSolder","","Murata ","BLM21PG221SN1D","DIGI","490-1054-1-ND","stm32f407_board"
"C20","10nF","Capacitor_SMD:C_0603_1608Metric","","KEMET","C0603C103K1RACTU","DIGI","399-3189-1-ND",""
"R43","10k","Resistor_SMD:R_0603_1608Metric","TBD","StackPole","RMCF0603JT10K0","DIGI","RMCF0603JT10K0CT-ND",""
"C34","10nF","Capacitor_SMD:C_0603_1608Metric","","KEMET","C0603C103K1RACTU","DIGI","399-3189-1-ND","stm32f407_board"
"C33","10nF","Capacitor_SMD:C_0603_1608Metric","","KEMET","C0603C103K1RACTU","DIGI","399-3189-1-ND","stm32f407_board"
"C32","10nF","Capacitor_SMD:C_0603_1608Metric","","KEMET","C0603C103K1RACTU","DIGI","399-3189-1-ND","stm32f407_board"
"C31","10nF","Capacitor_SMD:C_0603_1608Metric","","KEMET","C0603C103K1RACTU","DIGI","399-3189-1-ND","stm32f407_board"
"C30","10nF","Capacitor_SMD:C_0603_1608Metric","","KEMET","C0603C103K1RACTU","DIGI","399-3189-1-ND","stm32f407_board"
"C28","10nF","Capacitor_SMD:C_0603_1608Metric","","KEMET","C0603C103K1RACTU","DIGI","399-3189-1-ND","stm32f407_board"
"C21","4.7pF","Capacitor_SMD:C_0603_1608Metric","","Yageo","CC0603CRNPO9BN4R7","DIGI","311-1740-1-ND","stm32f407_board"
"R47","100k","Resistor_SMD:R_0603_1608Metric","","StackPole","RMCF0603JT100K","DIGI","RMCF0603JT100KCT-ND","stm32f407_board"
"C37","100nF","Capacitor_SMD:C_0603_1608Metric","","KEMET","C0603C104J5RACTU","DIGI","399-7844-1-ND","stm32f407_board"
"R44","0R","Resistor_SMD:R_0603_1608Metric","","StackPole","RMCF0603ZT0R00","DIGI","RMCF0603ZT0R00CT-ND",""
"R46","DNP","Resistor_SMD:R_0603_1608Metric","","DNP","DNP","DIGI","DNP",""
"C23","1uF","Capacitor_SMD:C_0603_1608Metric","","Taiyo Yuden","UMK107BJ105KA-T","DIGI","587-2400-1-ND",""
"C24","10nF","Capacitor_SMD:C_0603_1608Metric","","KEMET","C0603C103K1RACTU","DIGI","399-3189-1-ND",""
"R45","10k","Resistor_SMD:R_0603_1608Metric","TBD","StackPole","RMCF0603JT10K0","DIGI","RMCF0603JT10K0CT-ND",""
"C22","4.7pF","Capacitor_SMD:C_0603_1608Metric","","Yageo","CC0603CRNPO9BN4R7","DIGI","311-1740-1-ND","stm32f407_board"
"X1","8MHz","Crystal_SMD_HC49-SD","","Abracon ","ABLS-8.000MHZ-B2-T","DIGI","535-9089-1-ND","stm32f407_board"
"J1","USB_B_Micro","Connector_USB:USB_Micro-B_Molex-105133-0031","~","MOLEX","105133-0031","MOUSER","538-105133-0031",""
"R50","680","Resistor_SMD:R_0603_1608Metric","~","StackPole","RMCF0603FT680R","DIGI","RMCF0603FT680RCT-ND",""
"FID1","Fiducial","Fiducial:Fiducial_0.5mm_Mask1mm","DNP","DNP","DNP","DNP","DNP",""
"FID2","Fiducial","Fiducial:Fiducial_0.5mm_Mask1mm","DNP","DNP","DNP","DNP","DNP",""
"C36","1uF","Capacitor_SMD:C_0603_1608Metric","","Taiyo Yuden","UMK107BJ105KA-T","DIGI","587-2400-1-ND",""
"NT2","Net-Tie_2","rusEFI_Ola:Net-Tie_2_8.5mil","~"
"NT1","Net-Tie_2","rusEFI_Ola:Net-Tie_2_8.5mil","~"
"SW1","SW_Push","Button_Switch_SMD:SW_Push_SPST_NO_Alps_SKRK","~","TBD","TBD","DIGI","TBD",""
"J2","Conn_02x05_Odd_Even","Connector_PinSocket_2.54mm:PinSocket_2x05_P2.54mm_Vertical_SMD","~","Amphenol","95278-801B10LF","MOUSER","649-95278-801B10LF",""
"U1","STM32F767VITx","Package_QFP:LQFP-100_14x14mm_P0.5mm","http://www.st.com/st-web-ui/static/active/en/resource/technical/document/datasheet/DM00273119.pdf","ST","STM32F767VIT6","DIGI","497-16643-ND",""
"SW2","SW_Push","Button_Switch_SMD:SW_Push_SPST_NO_Alps_SKRK","~","TBD","TBD","DIGI","TBD",""
"U11","IS25WP256D-xM","Package_SO:SOIC-16W_7.5x10.3mm_P1.27mm","http://www.issi.com/WW/pdf/IS25LP(WP)256D.pdf","ISSI","IS25WP256D-RMLE","DIGI","706-1654-ND",""
"C42","100nF","Capacitor_SMD:C_0603_1608Metric","~","KEMET","C0603C104J5RACTU","DIGI","399-7844-1-ND",""
"R33","10k","Resistor_SMD:R_0603_1608Metric","TBD","StackPole","RMCF0603JT10K0","DIGI","RMCF0603JT10K0CT-ND",""
